{
  "FOODS_1": {
    "0": 0.020934499666142456,
    "1": 0.01942252681930533,
    "2": 0.015849010419737828,
    "3": 0.012259747443104183
  },
  "FOODS_2": {
    "0": 0.03777675680522822,
    "1": 0.03506612356006758,
    "2": 0.028713268259497424,
    "3": 0.02208358062683258
  },
  "FOODS_3": {
    "0": 0.11235841895188113,
    "1": 0.102473949647407,
    "2": 0.08417857610982939,
    "3": 0.06541563410679979
  },
  "HOBBIES_1": {
    "0": 0.04184991730670611,
    "1": 0.038628722385535365,
    "2": 0.03159696465337436,
    "3": 0.024779022479504864
  },
  "HOBBIES_2": {
    "0": 0.0017470679385565367,
    "1": 0.0016132535549630137,
    "2": 0.0013097160859714457,
    "3": 0.0010180136770048468
  },
  "HOUSEHOLD_1": {
    "0": 0.07086523659849234,
    "1": 0.06527973340088511,
    "2": 0.05343934722541816,
    "3": 0.041713627666540506
  },
  "HOUSEHOLD_2": {
    "0": 0.021367516534610557,
    "1": 0.019611052890977972,
    "2": 0.016191918985308872,
    "3": 0.012456796200317095
  }
}